Target,MSE,R2,Hit Ratio
R1M,0.0015020754549271472,-0.0033783089483327977,0.4831932773109244
R3M,0.004134243963101626,-0.013828379857508066,0.46105365223012285
R6M,0.018006482189878117,-4.5304197569651095e-05,0.5631868131868132
R12M,0.010041444347179004,-0.004765852001197057,0.5497737556561086
