Target,MSE,R2,Hit Ratio
R1M,0.0007123007024867912,0.14427229683771847,0.630460801915021
R3M,0.003342482323222756,0.14857277494770493,0.7260123678436067
R6M,0.010028601909166551,0.24739386825355725,0.6903052064631957
R12M,0.0152363032421637,0.14820243720824977,0.7704967085577499
