Target,MSE,R2,Hit Ratio
R1M,12062.07908755989,-8057402.825870981,0.4941822882999354
R3M,675922.6739867197,-165754510.7300727,0.46105365223012285
R6M,36427466.494611174,-2023111255.691099,0.5631868131868132
R12M,27979.128428821292,-2799643.3382105012,0.5497737556561086
