Target,MSE,R2,Hit Ratio
R1M,0.0013335076132862808,0.10922410082667178,0.5664188752424046
R3M,0.003603893521262988,0.11622788532781836,0.6087588881706528
R6M,0.016423410035437108,0.08787547108548832,0.6971557853910795
R12M,0.006182078273981596,0.3814095931487935,0.7251131221719457
