Target,MSE,R2,Hit Ratio
R1M,0.0014947021521607106,0.001547017563650055,0.5202003878474467
R3M,0.004086913248352733,-0.0022216091203093313,0.5373303167420814
R6M,0.018006280759467863,-3.4117140943479285e-05,0.5631868131868132
R12M,0.00962255439869508,0.03714906595594214,0.5808015513897867
