Target,MSE,R2,Hit Ratio
R1M,0.0006981577384243693,0.1612630510385643,0.6321563933772192
R3M,0.003245678016467156,0.17323164051638273,0.7364851386395372
R6M,0.009839858563744742,0.26155829519735196,0.6654697785757032
R12M,0.014291311184135904,0.20103296434413054,0.784360662278077
