Target,MSE,R2,Hit Ratio
R1M,0.0007053477051906673,0.15262533142765122,0.6340514661879114
R3M,0.003261430523849244,0.1692190198497714,0.7377817674047477
R6M,0.009730138208023379,0.2697923654337845,0.6765409934171155
R12M,0.014619925021010269,0.18266154833196935,0.7751845202473568
