Target,MSE,R2,Hit Ratio
R1M,0.000543850892515926,0.0893544200878863,0.5955112219451372
R3M,0.0035989953886141684,0.1296552329744728,0.7037406483790524
R6M,0.009581450491145862,0.16778873603003175,0.5745635910224439
R12M,0.011631261358939512,0.08527536162067562,0.7675810473815461
