Target,MSE,R2,Hit Ratio
R1M,0.0014381295990734033,0.03933717814675164,0.5399159663865546
R3M,0.003593126806746464,0.11886817478148826,0.6265352294764059
R6M,0.014334957363899578,0.20386410591078474,0.709114414996768
R12M,0.0028916712297428994,0.7106539252317603,0.7986425339366516
