Target,MSE,R2,Hit Ratio
R1M,0.0014350509803698977,0.041393678849487636,0.5394311570782159
R3M,0.0038671299583390435,0.05167519494423922,0.5578539107950873
R6M,0.017084909940945737,0.05113704171015476,0.6426955397543633
R12M,0.007290656078297488,0.2704832081037978,0.6559469941822883
