Target,MSE,R2,Hit Ratio
R1M,0.0007213550884521002,0.13339474346933278,0.620885697187313
R3M,0.0037565723063096006,0.04309204202893058,0.6913026132056652
R6M,0.012323888964191057,0.075141830793508,0.5435866746459206
R12M,0.01721551688863278,0.037552935586285474,0.7684021543985637
