Target,MSE,R2,Hit Ratio
R1M,0.0014855207067699947,0.03712228700910136,0.5603085814925521
R3M,0.005384414763232123,0.016867592571909285,0.5604450122167512
R6M,0.006342677487754435,0.07746891246417398,0.613305716447344
R12M,0.008915251906114075,0.16838072947521077,0.6456646036687462
