Target,MSE,R2,Hit Ratio
R1M,0.0013177479812167385,0.11975145011775801,0.5733678086619263
R3M,0.0035341023535626365,0.13334256629718422,0.6307369101486748
R6M,0.01404128334648049,0.22017419463260535,0.7044279250161604
R12M,0.005196534933192948,0.4800249178226593,0.7320620555914673
