Target,MSE,R2,Hit Ratio
R1M,0.0014348236419697926,0.04154553967559205,0.5546218487394958
R3M,0.003687083891674125,0.09582735763607697,0.5746606334841629
R6M,0.016969913973125233,0.05752369604984553,0.6418875242404655
R12M,0.007288252464623517,0.2707237182194254,0.6740465416936006
