Target,MSE,R2,Hit Ratio
R1M,0.0013306438913701043,0.11113705163358767,0.5751454427925016
R3M,0.0035663232154246804,0.12544113994916062,0.6380090497737556
R6M,0.014476742276078858,0.19598964525068652,0.7023270846800258
R12M,0.005309799917396217,0.4686914099705871,0.7330316742081447
