Target,MSE,R2,Hit Ratio
R1M,0.0014367024513647032,0.04029050512501875,0.5523594053005818
R3M,0.0036892272489992507,0.0953017484790506,0.5736910148674854
R6M,0.016969913973125233,0.05752369604984553,0.6418875242404655
R12M,0.007288252464623517,0.2707237182194254,0.6740465416936006
