Target,MSE,R2,Hit Ratio
R1M,0.0014687862362390428,0.04796915615035491,0.5519366961439717
R3M,0.005275104822894282,0.03682633451987416,0.5963759038535478
R6M,0.006233500283505258,0.09334854140078142,0.6136281890681782
R12M,0.008794897840809548,0.17960741841762906,0.6441142545301202
