Target,MSE,R2,Hit Ratio
R1M,0.0005174751210697716,0.13351906156359972,0.6329177057356609
R3M,0.0034887326431242522,0.15632006389885178,0.7177057356608478
R6M,0.00925647635004555,0.19601485283484787,0.602493765586035
R12M,0.011838944046958878,0.06894244072468425,0.7670822942643392
