Target,MSE,R2,Hit Ratio
R1M,0.0013550424343845712,0.09483895638786899,0.580316742081448
R3M,0.0038909108757508547,0.04584347113056919,0.6342921784098254
R6M,0.016034931338914336,0.10945082890061852,0.733678086619263
R12M,0.005050545063414702,0.49463293941992004,0.7487071751777634
