Target,MSE,R2,Hit Ratio
R1M,0.0007265527029001413,0.12715055101238681,0.6481149012567325
R3M,0.0033374447356929325,0.14985599464992316,0.7303012168362258
R6M,0.009634324253980297,0.27698281630349,0.6462198284460403
R12M,0.014998120231783353,0.16151824646432567,0.7889487332934371
