Target,MSE,R2,Hit Ratio
R1M,0.001515350612221115,-0.012246042478596841,0.5095345830639948
R3M,0.0041010290318558565,-0.005683180824136658,0.5371687136393019
R6M,0.017219911326960022,0.04363932501457268,0.616677440206852
R12M,0.007801589016550675,0.2193582950663957,0.6176470588235294
