Target,MSE,R2,Hit Ratio
R1M,0.002535549435715124,-0.6937333585456487,0.5415319974143503
R3M,0.003943753455553882,0.032885042081064575,0.5694893341952165
R6M,0.016892715354724457,0.061811158476328454,0.6732385261797027
R12M,0.006048353986236357,0.39479029748415584,0.6779250161603103
