Target,MSE,R2,Hit Ratio
R1M,0.0013114814053038866,0.11186491118842234,0.5516962843295639
R3M,0.0030140164632328427,0.17467517750494377,0.6316639741518578
R6M,0.0035513562543448614,0.3276178620132245,0.7366720516962844
R12M,0.0036956583971070986,0.6289517789486279,0.7980613893376414
